{"cameraMode":{"drawMode":0,"name":"Shaded","section":"Shading Mode"},"sceneLighting":false,"audioPlay":false,"sceneViewState":{"m_AlwaysRefresh":false,"showFog":true,"showSkybox":false,"showFlares":true,"showImageEffects":true,"showParticleSystems":true,"showVisualEffectGraphs":true,"m_FxEnabled":true},"in2DMode":false,"pivot":{"x":-2.835665225982666,"y":3.8902628421783449,"z":-4.411651134490967},"rotation":{"x":0.12384767085313797,"y":-0.02321728505194187,"z":0.002898658160120249,"w":0.9920322895050049},"size":3.891188859939575,"orthographic":false}