{"cameraMode":{"drawMode":0,"name":"Shaded","section":"Shading Mode"},"sceneLighting":false,"audioPlay":false,"sceneViewState":{"m_AlwaysRefresh":false,"showFog":true,"showSkybox":false,"showFlares":true,"showImageEffects":true,"showParticleSystems":true,"showVisualEffectGraphs":true,"m_FxEnabled":true},"in2DMode":false,"pivot":{"x":-0.0004439353942871094,"y":4.860000133514404,"z":-14.433280944824219},"rotation":{"x":0.013493603095412255,"y":-0.029991893097758294,"z":0.0004047376860398799,"w":0.9994601011276245},"size":3.320542335510254,"orthographic":true}