{"cameraMode":{"drawMode":0,"name":"Shaded","section":"Shading Mode"},"sceneLighting":false,"audioPlay":false,"sceneViewState":{"m_AlwaysRefresh":false,"showFog":true,"showSkybox":false,"showFlares":true,"showImageEffects":true,"showParticleSystems":true,"showVisualEffectGraphs":true,"m_FxEnabled":true},"in2DMode":false,"pivot":{"x":-55.209476470947269,"y":0.3494624197483063,"z":-2.4079818725585939},"rotation":{"x":0.06837060302495957,"y":-0.8535347580909729,"z":0.11592704802751541,"w":0.5033270716667175},"size":6.203321933746338,"orthographic":false}