{"cameraMode":{"drawMode":0,"name":"Shaded","section":"Shading Mode"},"sceneLighting":false,"audioPlay":false,"sceneViewState":{"m_AlwaysRefresh":false,"showFog":true,"showSkybox":false,"showFlares":true,"showImageEffects":true,"showParticleSystems":true,"showVisualEffectGraphs":true,"m_FxEnabled":true},"in2DMode":false,"pivot":{"x":0.3695160448551178,"y":-3.0620808601379396,"z":21.745994567871095},"rotation":{"x":0.09554904699325562,"y":0.006569139193743467,"z":-0.000628593610599637,"w":0.9953886866569519},"size":11.047795295715332,"orthographic":false}