{"cameraMode":{"drawMode":0,"name":"Shaded","section":"Shading Mode"},"sceneLighting":false,"audioPlay":false,"sceneViewState":{"m_AlwaysRefresh":false,"showFog":true,"showSkybox":false,"showFlares":true,"showImageEffects":true,"showParticleSystems":true,"showVisualEffectGraphs":true,"m_FxEnabled":true},"in2DMode":false,"pivot":{"x":1.8279999494552613,"y":2.6860437393188478,"z":4.0269999504089359},"rotation":{"x":0.019048843532800676,"y":0.12475325912237168,"z":-0.0023958731908351185,"w":0.9920029044151306},"size":0.5196152925491333,"orthographic":false}