{"cameraMode":{"drawMode":0,"name":"Shaded","section":"Shading Mode"},"sceneLighting":false,"audioPlay":false,"sceneViewState":{"m_AlwaysRefresh":false,"showFog":true,"showSkybox":false,"showFlares":true,"showImageEffects":true,"showParticleSystems":true,"showVisualEffectGraphs":true,"m_FxEnabled":true},"in2DMode":false,"pivot":{"x":1.621822714805603,"y":-0.13637661933898927,"z":-0.36464813351631167},"rotation":{"x":0.07800431549549103,"y":0.6941983103752136,"z":-0.0761096179485321,"w":0.711483895778656},"size":1.5153923034667969,"orthographic":true}