{"cameraMode":{"drawMode":0,"name":"Shaded","section":"Shading Mode"},"sceneLighting":false,"audioPlay":false,"sceneViewState":{"m_AlwaysRefresh":false,"showFog":true,"showSkybox":false,"showFlares":true,"showImageEffects":true,"showParticleSystems":true,"showVisualEffectGraphs":true,"m_FxEnabled":true},"in2DMode":false,"pivot":{"x":-19.179941177368165,"y":2.5660715103149416,"z":-1.4901161193847657e-8},"rotation":{"x":0.01318378746509552,"y":0.04557962715625763,"z":-0.0006015208782628179,"w":0.9988676309585571},"size":6.064198970794678,"orthographic":false}