{"cameraMode":{"drawMode":0,"name":"Shaded","section":"Shading Mode"},"sceneLighting":false,"audioPlay":false,"sceneViewState":{"m_AlwaysRefresh":false,"showFog":true,"showSkybox":false,"showFlares":true,"showImageEffects":true,"showParticleSystems":true,"showVisualEffectGraphs":true,"m_FxEnabled":true},"in2DMode":false,"pivot":{"x":-0.9808955788612366,"y":3.5725741386413576,"z":1.1180460453033448},"rotation":{"x":0.1582033634185791,"y":-0.1264081597328186,"z":0.02042640931904316,"w":0.9790759682655335},"size":1.4911892414093018,"orthographic":false}