{"cameraMode":{"drawMode":0,"name":"Shaded","section":"Shading Mode"},"sceneLighting":true,"audioPlay":false,"sceneViewState":{"showFog":true,"showMaterialUpdate":false,"showSkybox":true,"showFlares":true,"showImageEffects":true,"showParticleSystems":true},"in2DMode":false,"pivot":{"x":-1.606974482536316,"y":-1.2541229724884034,"z":53.747257232666019},"rotation":{"x":0.02699325419962406,"y":-0.016493044793605806,"z":0.00044517614878714085,"w":0.9995007514953613},"size":33.212589263916019,"orthographic":false}